
-- Directors
INSERT INTO Directors (name, birth_year) VALUES
('S. S. Rajamouli', 1973),
('Trivikram Srinivas', 1971),
('Sukumar', 1970),
('Koratala Siva', 1975),
('Boyapati Srinu', 1970),
('Anil Ravipudi', 1982),
('Vamshi Paidipally', 1979),
('Gopichand Malineni', 1980);

-- Actors
INSERT INTO Actors (name, birth_year) VALUES
('Allu Arjun', 1982),
('Mahesh Babu', 1975),
('Jr NTR', 1983),
('Ram Charan', 1985),
('Prabhas', 1979),
('Pooja Hegde', 1990),
('Rashmika Mandanna', 1996),
('Samantha Ruth Prabhu', 1987);

-- Movies
INSERT INTO Movies (title, genre, release_year, director_id) VALUES
('Janatha Reloaded', 'Political', 2023, 2),
('Sarileru Legacy', 'Romance', 2017, 1),
('Baahubali Legend', 'Drama', 2021, 1),
('Sarileru Warrior', 'Thriller', 2023, 4),
('Sarkaru Warrior', 'Mystery', 2015, 5),
('Akhanda Returns', 'Action', 2015, 8),
('Akhanda Returns', 'Family', 2025, 8),
('Janatha Saga', 'Mystery', 2017, 7),
('Baahubali Returns', 'Fantasy', 2018, 6),
('Sarrainodu Mission', 'Thriller', 2016, 5),
('Sarrainodu Chronicles', 'Action', 2019, 3),
('Winner Mission', 'Romance', 2025, 1),
('Nannaku Reloaded', 'Sci-Fi', 2025, 6),
('Sarkaru Warrior', 'Romance', 2024, 3),
('Winner Mission', 'Fantasy', 2017, 7),
('Bharat Strike', 'Mystery', 2019, 6),
('Veera Strike', 'Drama', 2025, 8),
('Sarrainodu Reloaded', 'Family', 2023, 2),
('Nannaku Warrior', 'Action', 2015, 1),
('Winner The Rise', 'Fantasy', 2021, 3),
('Baahubali Saga', 'Mystery', 2024, 2),
('Pushpa Strike', 'Thriller', 2019, 1),
('Ala Vaikunthapurramuloo Reloaded', 'Mystery', 2016, 8),
('Bharat Warrior', 'Political', 2023, 2),
('Winner Chronicles', 'Thriller', 2024, 5),
('Sarileru Strike', 'Romance', 2025, 7),
('Arjun Warrior', 'Action', 2023, 4),
('Nannaku Saga', 'Family', 2015, 7),
('Sarrainodu Returns', 'Thriller', 2016, 8),
('Baahubali Chronicles', 'Drama', 2015, 2),
('Sarkaru Mission', 'Sci-Fi', 2020, 7),
('Bharat Legend', 'Action', 2015, 1),
('Nannaku Warrior', 'Comedy', 2020, 5),
('Baahubali The Rise', 'Comedy', 2022, 4),
('Veera Legend', 'Sci-Fi', 2024, 1),
('Arjun Saga', 'Fantasy', 2019, 4),
('Veera Reloaded', 'Fantasy', 2024, 6),
('Winner Warrior', 'Romance', 2017, 2),
('Arjun Returns', 'Sci-Fi', 2020, 7),
('Arjun Mission', 'Political', 2025, 7),
('Baahubali Chronicles', 'Mystery', 2021, 6),
('Bharat Returns', 'Political', 2017, 4),
('Sarileru Strike', 'Comedy', 2021, 3),
('Winner Strike', 'Drama', 2024, 2),
('Baahubali Saga', 'Romance', 2024, 2),
('Baahubali Legacy', 'Comedy', 2023, 8),
('Sarkaru Reloaded', 'Political', 2025, 8),
('Winner Legacy', 'Romance', 2015, 2),
('Baahubali The Rise', 'Thriller', 2022, 5),
('Ala Vaikunthapurramuloo Legend', 'Drama', 2017, 8),
('Janatha Mission', 'Thriller', 2024, 8),
('Akhanda Legacy', 'Drama', 2019, 8),
('Sarkaru Strike', 'Family', 2022, 4),
('Nannaku Reloaded', 'Sci-Fi', 2021, 7),
('Bharat Chronicles', 'Action', 2015, 1),
('Arjun Chronicles', 'Family', 2019, 2),
('Janatha Legend', 'Action', 2024, 6),
('Sarkaru Warrior', 'Sci-Fi', 2021, 7),
('Nannaku The Rise', 'Romance', 2018, 7),
('Bharat Chronicles', 'Thriller', 2021, 2),
('Sarileru Strike', 'Sci-Fi', 2017, 6),
('Akhanda Reloaded', 'Romance', 2024, 6),
('Sarkaru The Rise', 'Mystery', 2018, 3),
('Veera Reloaded', 'Mystery', 2024, 5),
('Sarileru Legend', 'Fantasy', 2017, 1),
('Pushpa Returns', 'Thriller', 2017, 4),
('Ala Vaikunthapurramuloo Chronicles', 'Romance', 2023, 7),
('Bharat Mission', 'Family', 2024, 1),
('Veera Saga', 'Comedy', 2020, 7),
('DJ Strike', 'Family', 2018, 1),
('DJ Warrior', 'Thriller', 2016, 1),
('Sarileru Legend', 'Comedy', 2023, 3),
('Sarileru Strike', 'Family', 2015, 5),
('Ala Vaikunthapurramuloo Returns', 'Drama', 2023, 4),
('Sarkaru Reloaded', 'Political', 2022, 1),
('Rangasthalam Returns', 'Drama', 2022, 6),
('Pushpa Reloaded', 'Family', 2020, 5),
('Baahubali Mission', 'Comedy', 2019, 7),
('Baahubali Legacy', 'Thriller', 2025, 1),
('Sarkaru Mission', 'Thriller', 2015, 7),
('Winner Strike', 'Action', 2018, 1),
('Baahubali Strike', 'Comedy', 2022, 8),
('Akhanda Legacy', 'Family', 2022, 7),
('Bharat Reloaded', 'Mystery', 2017, 3),
('Arjun Strike', 'Sci-Fi', 2022, 2),
('Sarileru Legend', 'Comedy', 2016, 5),
('Veera Warrior', 'Mystery', 2025, 7),
('Baahubali Returns', 'Thriller', 2025, 5),
('Nannaku Legend', 'Mystery', 2021, 1),
('Sarkaru Mission', 'Comedy', 2016, 3),
('Pushpa Saga', 'Drama', 2024, 2),
('Ala Vaikunthapurramuloo Mission', 'Thriller', 2017, 1),
('Arjun Chronicles', 'Comedy', 2021, 4),
('DJ Legacy', 'Action', 2017, 4),
('Baahubali Saga', 'Comedy', 2016, 6),
('Sarrainodu Warrior', 'Fantasy', 2019, 8),
('Bharat Chronicles', 'Comedy', 2023, 1),
('Baahubali Mission', 'Political', 2021, 2),
('Winner Returns', 'Mystery', 2015, 2),
('Sarkaru Legacy', 'Comedy', 2015, 8);

-- Movie_Actors
INSERT INTO Movie_Actors (movie_id, actor_id) VALUES
(1, 1),
(1, 3),
(2, 7),
(2, 8),
(3, 8),
(3, 7),
(4, 8),
(4, 7),
(5, 6),
(5, 2),
(6, 3),
(6, 2),
(7, 6),
(7, 2),
(8, 5),
(8, 7),
(9, 1),
(9, 2),
(10, 4),
(10, 6),
(11, 1),
(11, 4),
(12, 1),
(12, 2),
(13, 7),
(13, 4),
(14, 4),
(14, 5),
(15, 7),
(15, 4),
(16, 6),
(16, 7),
(17, 6),
(17, 2),
(18, 2),
(18, 4),
(19, 3),
(19, 4),
(20, 6),
(20, 4),
(21, 7),
(21, 5),
(22, 4),
(22, 7),
(23, 7),
(23, 2),
(24, 6),
(24, 2),
(25, 5),
(25, 6),
(26, 1),
(26, 5),
(27, 7),
(27, 6),
(28, 5),
(28, 7),
(29, 4),
(29, 6),
(30, 6),
(30, 1),
(31, 1),
(31, 3),
(32, 8),
(32, 7),
(33, 7),
(33, 6),
(34, 6),
(34, 3),
(35, 3),
(35, 6),
(36, 8),
(36, 2),
(37, 6),
(37, 1),
(38, 3),
(38, 2),
(39, 1),
(39, 4),
(40, 5),
(40, 6),
(41, 6),
(41, 1),
(42, 4),
(42, 8),
(43, 7),
(43, 5),
(44, 4),
(44, 5),
(45, 8),
(45, 3),
(46, 5),
(46, 1),
(47, 2),
(47, 5),
(48, 4),
(48, 3),
(49, 8),
(49, 4),
(50, 8),
(50, 3),
(51, 7),
(51, 1),
(52, 4),
(52, 8),
(53, 1),
(53, 7),
(54, 3),
(54, 6),
(55, 4),
(55, 5),
(56, 3),
(56, 8),
(57, 7),
(57, 6),
(58, 4),
(58, 2),
(59, 3),
(59, 6),
(60, 4),
(60, 3),
(61, 5),
(61, 7),
(62, 6),
(62, 5),
(63, 3),
(63, 8),
(64, 6),
(64, 8),
(65, 5),
(65, 6),
(66, 6),
(66, 1),
(67, 8),
(67, 2),
(68, 6),
(68, 1),
(69, 2),
(69, 7),
(70, 2),
(70, 5),
(71, 6),
(71, 5),
(72, 6),
(72, 2),
(73, 6),
(73, 4),
(74, 3),
(74, 4),
(75, 1),
(75, 3),
(76, 8),
(76, 1),
(77, 2),
(77, 1),
(78, 5),
(78, 2),
(79, 1),
(79, 5),
(80, 3),
(80, 4),
(81, 4),
(81, 7),
(82, 6),
(82, 7),
(83, 5),
(83, 3),
(84, 7),
(84, 5),
(85, 5),
(85, 4),
(86, 4),
(86, 8),
(87, 1),
(87, 2),
(88, 6),
(88, 8),
(89, 7),
(89, 3),
(90, 8),
(90, 2),
(91, 5),
(91, 2),
(92, 8),
(92, 6),
(93, 7),
(93, 5),
(94, 5),
(94, 2),
(95, 5),
(95, 6),
(96, 5),
(96, 1),
(97, 2),
(97, 6),
(98, 2),
(98, 1),
(99, 5),
(99, 4),
(100, 5),
(100, 6);

-- Reviews
INSERT INTO Reviews (movie_id, reviewer_name, rating, comment) VALUES
(1, 'Teja', 7.2, 'Review for movie 1'),
(2, 'Ravi', 8.3, 'Review for movie 2'),
(3, 'Raj', 8.6, 'Review for movie 3'),
(4, 'Anjali', 8.2, 'Review for movie 4'),
(5, 'Surya', 9.5, 'Review for movie 5'),
(6, 'Sneha', 9.3, 'Review for movie 6'),
(7, 'Kiran', 6.8, 'Review for movie 7'),
(8, 'Teja', 6.6, 'Review for movie 8'),
(9, 'Raj', 8.0, 'Review for movie 9'),
(10, 'Sneha', 8.5, 'Review for movie 10'),
(11, 'Teja', 9.1, 'Review for movie 11'),
(12, 'Sneha', 9.5, 'Review for movie 12'),
(13, 'Divya', 7.6, 'Review for movie 13'),
(14, 'Ravi', 8.1, 'Review for movie 14'),
(15, 'Surya', 7.1, 'Review for movie 15'),
(16, 'Raj', 7.6, 'Review for movie 16'),
(17, 'Sneha', 8.1, 'Review for movie 17'),
(18, 'Kiran', 7.5, 'Review for movie 18'),
(19, 'Raj', 8.6, 'Review for movie 19'),
(20, 'Sneha', 6.8, 'Review for movie 20'),
(21, 'Sneha', 9.4, 'Review for movie 21'),
(22, 'Sneha', 8.4, 'Review for movie 22'),
(23, 'Teja', 7.0, 'Review for movie 23'),
(24, 'Teja', 8.7, 'Review for movie 24'),
(25, 'Kiran', 9.3, 'Review for movie 25'),
(26, 'Teja', 8.5, 'Review for movie 26'),
(27, 'Sneha', 8.6, 'Review for movie 27'),
(28, 'Kiran', 6.8, 'Review for movie 28'),
(29, 'Raj', 8.3, 'Review for movie 29'),
(30, 'Teja', 7.1, 'Review for movie 30'),
(31, 'Divya', 9.6, 'Review for movie 31'),
(32, 'Ravi', 9.2, 'Review for movie 32'),
(33, 'Teja', 7.2, 'Review for movie 33'),
(34, 'Sneha', 7.7, 'Review for movie 34'),
(35, 'Surya', 9.5, 'Review for movie 35'),
(36, 'Surya', 8.1, 'Review for movie 36'),
(37, 'Kiran', 7.8, 'Review for movie 37'),
(38, 'Surya', 9.4, 'Review for movie 38'),
(39, 'Surya', 7.7, 'Review for movie 39'),
(40, 'Surya', 7.1, 'Review for movie 40'),
(41, 'Teja', 8.7, 'Review for movie 41'),
(42, 'Ravi', 9.5, 'Review for movie 42'),
(43, 'Sneha', 6.7, 'Review for movie 43'),
(44, 'Divya', 7.1, 'Review for movie 44'),
(45, 'Raj', 7.4, 'Review for movie 45'),
(46, 'Raj', 8.2, 'Review for movie 46'),
(47, 'Raj', 6.6, 'Review for movie 47'),
(48, 'Sneha', 8.8, 'Review for movie 48'),
(49, 'Raj', 9.5, 'Review for movie 49'),
(50, 'Surya', 9.2, 'Review for movie 50'),
(51, 'Surya', 9.4, 'Review for movie 51'),
(52, 'Raj', 7.3, 'Review for movie 52'),
(53, 'Raj', 8.6, 'Review for movie 53'),
(54, 'Sneha', 8.8, 'Review for movie 54'),
(55, 'Anjali', 8.7, 'Review for movie 55'),
(56, 'Anjali', 8.1, 'Review for movie 56'),
(57, 'Anjali', 7.1, 'Review for movie 57'),
(58, 'Teja', 8.8, 'Review for movie 58'),
(59, 'Kiran', 6.7, 'Review for movie 59'),
(60, 'Teja', 6.8, 'Review for movie 60'),
(61, 'Kiran', 8.4, 'Review for movie 61'),
(62, 'Surya', 8.0, 'Review for movie 62'),
(63, 'Anjali', 9.2, 'Review for movie 63'),
(64, 'Divya', 8.2, 'Review for movie 64'),
(65, 'Kiran', 9.7, 'Review for movie 65'),
(66, 'Surya', 8.9, 'Review for movie 66'),
(67, 'Kiran', 7.1, 'Review for movie 67'),
(68, 'Divya', 6.5, 'Review for movie 68'),
(69, 'Surya', 9.8, 'Review for movie 69'),
(70, 'Kiran', 9.6, 'Review for movie 70'),
(71, 'Sneha', 8.7, 'Review for movie 71'),
(72, 'Teja', 6.8, 'Review for movie 72'),
(73, 'Surya', 7.7, 'Review for movie 73'),
(74, 'Sneha', 8.7, 'Review for movie 74'),
(75, 'Surya', 8.3, 'Review for movie 75'),
(76, 'Anjali', 7.3, 'Review for movie 76'),
(77, 'Kiran', 9.3, 'Review for movie 77'),
(78, 'Teja', 9.4, 'Review for movie 78'),
(79, 'Ravi', 9.0, 'Review for movie 79'),
(80, 'Raj', 8.6, 'Review for movie 80'),
(81, 'Divya', 6.7, 'Review for movie 81'),
(82, 'Sneha', 8.4, 'Review for movie 82'),
(83, 'Surya', 7.4, 'Review for movie 83'),
(84, 'Divya', 8.9, 'Review for movie 84'),
(85, 'Teja', 9.6, 'Review for movie 85'),
(86, 'Teja', 7.7, 'Review for movie 86'),
(87, 'Anjali', 6.5, 'Review for movie 87'),
(88, 'Kiran', 8.5, 'Review for movie 88'),
(89, 'Sneha', 9.1, 'Review for movie 89'),
(90, 'Ravi', 9.2, 'Review for movie 90'),
(91, 'Teja', 7.6, 'Review for movie 91'),
(92, 'Divya', 7.3, 'Review for movie 92'),
(93, 'Sneha', 6.7, 'Review for movie 93'),
(94, 'Kiran', 8.8, 'Review for movie 94'),
(95, 'Kiran', 7.9, 'Review for movie 95'),
(96, 'Divya', 9.6, 'Review for movie 96'),
(97, 'Surya', 9.4, 'Review for movie 97'),
(98, 'Surya', 8.1, 'Review for movie 98'),
(99, 'Ravi', 8.2, 'Review for movie 99'),
(100, 'Anjali', 8.7, 'Review for movie 100');
